{"cameraMode":{"drawMode":0,"name":"Shaded","section":"Shading Mode"},"sceneLighting":true,"audioPlay":false,"sceneViewState":{"showFog":false,"showMaterialUpdate":false,"showSkybox":false,"showFlares":false,"showImageEffects":false,"showParticleSystems":false},"in2DMode":false,"pivot":{"x":9.195080757141114,"y":4.1804351806640629,"z":1.0967130661010743},"rotation":{"x":-0.052755486220121387,"y":0.03354371339082718,"z":-0.001773174270056188,"w":-0.9980424642562866},"size":5.508260250091553,"orthographic":false}