{"cameraMode":{"drawMode":0,"name":"Shaded","section":"Shading Mode"},"sceneLighting":false,"audioPlay":false,"sceneViewState":{"showFog":true,"showMaterialUpdate":true,"showSkybox":false,"showFlares":true,"showImageEffects":true,"showParticleSystems":true},"in2DMode":false,"pivot":{"x":1.0280874967575074,"y":1.9288771152496338,"z":1.6323423385620118},"rotation":{"x":-0.004470897372812033,"y":0.113752581179142,"z":0.0005115190870128572,"w":0.9935051202774048},"size":2.81410813331604,"orthographic":false}